 t[s],u[ft/s],v[ft/s],w[ft/s],p[rad/s],q[rad/s],r[rad/s],x[ft],y[ft],z[ft],e0,ex,ey,ez,aileron[deg],elevator[deg],rudder[deg],throttle,aileron_dot[rad/s],elevator_dot[rad/s],rudder_dot[rad/s],throttle_dot
0.00000000000000,491.745341797747,88.4078354477840,19.2502844564556,0.00000000000000,0.00000000000000,0.00000000000000,0.00000000000000,0.00000000000000,-10000.0000000000,0.833834999645605,0.119757765870794,0.508491102686316,0.178364989189314,-1.96054897950223,-7.05253008164885,29.6026854298200,0.764708125031248,0.00000000000000,0.00000000000000,0.00000000000000,0.00000000000000
0.100000000000000E-1,491.745314770134,88.4057732550289,19.2472780525324,-0.144704773327092E-2,-0.444076952325728E-3,0.238596049392542E-3,2.07777879873953,2.86055545228899,-10003.5355397066,0.833835597561371,0.119756067232830,0.508490002623714,0.178366470593920,-1.60516680115112,-6.45253008164885,28.4026854298200,0.762163341609796,0.00000000000000,0.00000000000000,0.00000000000000,0.00000000000000
0.200000000000000E-1,491.745557931019,88.3976040936994,19.2372104474700,-0.552270450456998E-2,-0.176872124140563E-2,0.965623444772754E-3,4.15551454960725,5.72108189984142,-10007.0711134581,0.833839689252225,0.119744737260070,0.508482432171130,0.178376530686080,-1.31420356566246,-5.85253008164885,27.2026854298200,0.759627026677759,0.00000000000000,0.00000000000000,0.00000000000000,0.00000000000000
0.300000000000000E-1,491.746565239643,88.3803672894492,19.2183161280512,-0.118801870962188E-1,-0.396263931578057E-2,0.219473241721443E-2,6.23316686458035,8.58154933489776,-10010.6067531663,0.833850522801860,0.119715602143526,0.508462261282902,0.178402940215559,-1.07598226599338,-5.25253008164885,26.0026854298200,0.757099152053833,0.00000000000000,0.00000000000000,0.00000000000000,0.00000000000000
0.400000000000000E-1,491.748837197012,88.3511253579371,19.1886185666814,-0.202306021355467E-1,-0.701468799875286E-2,0.393580867281450E-2,8.31069836182173,11.4419267978121,-10014.1424882881,0.833871114229067,0.119661828442363,0.508423680265581,0.178452719265937,-0.880942547244314,-4.65253008164885,24.8026854298200,0.754579689650497,0.00000000000000,0.00000000000000,0.00000000000000,0.00000000000000
0.500000000000000E-1,491.752876744643,88.3069708362223,19.1459749370350,-0.303323253386703E-1,-0.109139125045230E-1,0.619548321899438E-2,10.3880747988574,14.3021825152209,-10017.6783456886,0.833904279335081,0.119577695459065,0.508361152628213,0.178532255219757,-0.721257028180495,-4.05253008164885,23.6026854298200,0.752068611473698,0.00000000000000,0.00000000000000,0.00000000000000,0.00000000000000
0.600000000000000E-1,491.759185246894,88.2450331972785,19.0881115480504,-0.419823138954157E-1,-0.156495760603798E-1,0.897755497299376E-2,12.4652652214026,17.1622840227733,-10021.2143495070,0.833952658912023,0.119458408888184,0.508269375808145,0.178647398120062,-0.590517170872310,-3.45253008164885,22.4026854298200,0.749565889622541,0.00000000000000,0.00000000000000,0.00000000000000,0.00000000000000
0.700000000000000E-1,491.768258480129,88.1624858240508,19.0126517237372,-0.550090024106253E-1,-0.212111825836307E-1,0.122833413357975E-1,14.5422421244723,20.0221982760124,-10024.7505210253,0.834018738623234,0.119299948256037,0.508143248417827,0.178803537601456,-0.483476091698856,-2.85744574559389,21.2026854298200,0.747071496288981,0.00000000000000,0.00000000000000,0.00000000000000,0.00000000000000
0.800000000000000E-1,491.780565478014,88.0565527870056,18.9175633741753,-0.692664981350053E-1,-0.275333575154517E-1,0.161119798303464E-1,16.6189825808958,22.8818917127460,-10028.2868780007,0.834104819509040,0.119098926141988,0.507977916887593,0.179005675379745,-0.395837992143577,-2.33948608010924,20.0026854298200,0.744585403757510,0.00000000000000,0.00000000000000,0.00000000000000,0.00000000000000
0.900000000000000E-1,491.796539814797,87.9245179013489,18.8017388345784,-0.846298542241017E-1,-0.344691465743820E-1,0.204606993627294E-1,18.6954729801714,25.7413302114250,-10031.8234320501,0.834212810524403,0.118852408466275,0.507769113308732,0.179258526515216,-0.324085758767684,-1.91541523665477,18.8026854298200,0.742107584404852,0.00000000000000,0.00000000000000,0.00000000000000,0.00000000000000
0.100000000000000,491.816605117963,87.7637319169345,18.6645415337523,-0.100991217518717,-0.418858478974206E-1,0.253250742078137E-1,20.7717105424726,28.6004792827443,-10035.3601879941,0.834344163094924,0.118557803820025,0.507513260105406,0.179566576734052,-0.265339813561729,-1.56821430142381,17.6026854298200,0.739638010699655,0.00000000000000,0.00000000000000,0.00000000000000,0.00000000000000
0.110000000000000,491.841170899454,87.5716156668521,18.5056370032414,-0.118256681896242,-0.496754962235970E-1,0.306992604729819E-1,22.8477018822164,31.4593043665991,-10038.8971448285,0.834499938747548,0.118212815473378,0.507207356096299,0.179934100186700,-0.217242550023439,-1.28394932238572,16.4026854298200,0.737176655202187,0.00000000000000,0.00000000000000,0.00000000000000,0.00000000000000
0.120000000000000,491.870626306974,87.3456627944441,18.3249215392073,-0.136343723527533,-0.577504544982693E-1,0.365761966497045E-1,24.9234616464792,34.3177710750011,-10042.4342965759,0.834680871661415,0.117815404635382,0.506848870713972,0.180365171718692,-0.177863717122524,-1.05121210854794,15.2026854298200,0.734723490564028,0.00000000000000,0.00000000000000,0.00000000000000,0.00000000000000
0.130000000000000,491.905335949277,87.0834422894545,18.1224631113170,-0.155179112104218,-0.660398001175989E-1,0.429477719274858E-1,26.9990113767653,37.1758453913440,-10045.9716329596,0.834887419723794,0.117363760325545,0.506435657009087,0.180863676449880,-0.145622953998781,-0.860662393671816,14.0026854298200,0.732278489527767,0.00000000000000,0.00000000000000,0.00000000000000,0.00000000000000
0.140000000000000,491.945637013452,86.7826007728021,17.8984523519402,-0.174697211005321,-0.744863616216307E-1,0.498049677599342E-1,29.0743785587380,40.0334938394941,-10049.5091399370,0.835119806193689,0.116856274642617,0.505965880061603,0.181433317208150,-0.119226366537269,-0.704652990445571,12.8026854298200,0.729841624926701,0.00000000000000,0.00000000000000,0.00000000000000,0.00000000000000
0.150000000000000,491.991837162116,86.4408645120904,17.6531618582116,-0.194838595284481,-0.830442877521556E-1,0.571379773048575E-1,31.1495958295857,42.8906836318411,-10053.0468001236,0.835378053691079,0.116291522437870,0.505437958033309,0.182077620259896,-0.976146004962798E-1,-0.576922891710804,11.6026854298200,0.727412869684532,0.00000000000000,0.00000000000000,0.00000000000000,0.00000000000000
0.160000000000000,492.044212879014,86.0560411750697,17.3869123652574,-0.215548929354668,-0.916770521746709E-1,0.649363066023301E-1,33.2247003172564,45.7473828025127,-10056.5845931290,0.835662011917264,0.115668244581528,0.504850513598779,0.182799939696018,-0.799203272463208E-1,-0.472346002206692,10.4026854298200,0.724992196815065,0.00000000000000,0.00000000000000,0.00000000000000,0.00000000000000
0.170000000000000,492.103008051960,85.6260213422702,17.1000446147468,-0.236778056865503,-0.100355814681044,0.731888607035219E-1,35.2997330898276,48.6035603299771,-10060.1224958224,0.835971380257199,0.114985334159394,0.504202333904110,0.183603460764701,-0.654334359274711E-1,-0.386725416873359,9.20268542981998,0.722579579421910,0.00000000000000,0.00000000000000,0.00000000000000,0.00000000000000
0.180000000000000,492.168432662178,85.1487798070755,16.7928959599543,-0.258479263946488,-0.109058074041437,0.818840174105566E-1,37.3747386967654,51.4591862519146,-10063.6604825410,0.836305726207034,0.114241825057926,0.503492337540835,0.184491202387609,-0.535725351083515E-1,-0.316624989641448,8.00268542981998,0.720174990698183,0.00000000000000,0.00000000000000,0.00000000000000,0.00000000000000
0.190000000000000,492.240661502102,84.6223766942661,16.4657809256628,-0.280608684083541,-0.117766559433112,0.910096908233094E-1,39.4497647868091,54.3142317743285,-10067.1985252519,0.836664500400402,0.113436882495110,0.502719547299081,0.185466019051857,-0.438616202443776E-1,-0.259231433185775,6.80268542981998,0.717778403926206,0.00000000000000,0.00000000000000,0.00000000000000,0.00000000000000
0.200000000000000,492.319832878507,84.0449584282306,16.1189750857694,-0.303124818695862,-0.126468317008369,0.100553386501728,41.5248617897506,57.1686693762486,-10070.7365936765,0.837047048868137,0.112569795135302,0.501883067690598,0.186530602234093,-0.359109705480801E-1,-0.212241415396967,5.61592924882598,0.715389792477213,0.00000000000000,0.00000000000000,0.00000000000000,0.00000000000000
0.210000000000000,492.406068192434,83.4151009751168,15.7526808418519,-0.325907380211192,-0.135153871428766,0.110460334265870,43.6000825201803,60.0224737631563,-10074.2746551303,0.837452621069513,0.111640045792528,0.500982099341292,0.187687356470373,-0.294015086200648E-1,-0.173769121499343,4.59794847365546,0.713009129811052,0.00000000000000,0.00000000000000,0.00000000000000,0.00000000000000
0.220000000000000,492.499431243419,82.7321662286711,15.3669267873913,-0.348745400865992,-0.143816248962457,0.120626441440416,45.6754813906240,62.8756256289870,-10077.8126735251,0.837880371844255,0.110647632908913,0.500016065782707,0.188937867482860,-0.240719951575344E-1,-0.142270572075562,3.76449368033084,0.710636389475891,0.00000000000000,0.00000000000000,0.00000000000000,0.00000000000000
0.230000000000000,492.599872422043,81.9959781071199,14.9615481763400,-0.371455358271411,-0.152450277539174,0.130959164209730,47.7511140764029,65.7281125830073,-10081.3506092146,0.838329373330609,0.109593130440064,0.498984635671148,0.190282792011226,-0.197085448353120E-1,-0.116481659710665,3.08211645920954,0.708271545107924,0.00000000000000,0.00000000000000,0.00000000000000,0.00000000000000
0.240000000000000,492.707238290403,81.2067165763652,14.5362180846326,-0.393887223002197,-0.161052114273750,0.141381100760637,49.8270374777233,68.5799282826302,-10084.8884193332,0.838798630620765,0.108477587104539,0.497887679853826,0.191722008685702,-0.161360426081644E-1,-0.953674175271122E-1,2.52343148237016,0.705914570431079,0.00000000000000,0.00000000000000,0.00000000000000,0.00000000000000
0.250000000000000,492.821285477018,80.3648602003308,14.0904768466428,-0.415918548576657,-0.169618867157850,0.151827352998427,51.9033096930652,71.4310716418674,-10088.4260580750,0.839287095509867,0.107302437052966,0.496725234496474,0.193254753440969,-0.132111159513912E-1,-0.780804836433643E-1,2.06601746899919,0.703565439256722,0.00000000000000,0.00000000000000,0.00000000000000,0.00000000000000
0.260000000000000,492.941692842644,79.4711387034666,13.6237579513995,-0.437449631158369,-0.178148291791633,0.162243364203249,53.9799899919371,74.2815461771299,-10091.9634769029,0.839793678440266,0.106069426408481,0.495497471915006,0.194879731524292,-0.108163809999357E-1,-0.639270946416105E-1,1.69151736911861,0.701224125483374,0.00000000000000,0.00000000000000,0.00000000000000,0.00000000000000
0.270000000000000,493.068072108706,78.5264936950686,13.1354109249475,-0.458399545058414,-0.186638550349258,0.172583146910497,56.0571387877105,77.1313594669577,-10095.5006247055,0.840317258922212,0.104780552784442,0.494204677637427,0.196595210310255,-0.885573167068065E-2,-0.523392432862412E-1,1.38490165400971,0.698890603096412,0.00000000000000,0.00000000000000,0.00000000000000,0.00000000000000
0.280000000000000,493.199977143611,77.5320460405017,12.6247216290799,-0.478702895147526,-0.195088021875434,0.182807830673231,58.1348176106420,79.9805227059349,-10099.0374479102,0.840856694661227,0.103438015412247,0.492847232486238,0.198399096373013,-0.725048270984194E-2,-0.428518831198886E-1,1.13386514752621,0.696564846167786,0.00000000000000,0.00000000000000,0.00000000000000,0.00000000000000
0.290000000000000,493.336912092719,76.4890686398075,12.0909303300049,-0.498307156002818,-0.203495154739441,0.192884471986681,60.2130890808415,82.8290503362469,-10102.5738905640,0.841410829581953,0.102044173943433,0.491425598690627,0.200288999642943,-0.593621187730459E-2,-0.350842651063568E-1,0.928333191784629,0.694246828855727,0.00000000000000,0.00000000000000,0.00000000000000,0.00000000000000
0.300000000000000,493.478338521531,75.3989636002840,11.5332478286455,-0.517170491149930,-0.211858353595441,0.202785079016179,62.2920168807549,85.6769597430697,-10106.1098943875,0.841978500905451,0.100601514343326,0.489940309218685,0.202262286963090,-0.486017453767851E-2,-0.287246573180778E-1,0.760057328553802,0.691936525404466,0.00000000000000,0.00000000000000,0.00000000000000,0.00000000000000
0.310000000000000,493.623681722560,74.2632429752814,10.9508698938729,-0.535259965051175,-0.220175894509025,0.212485812274343,64.3716657266449,88.5242710023101,-10109.6453988085,0.842558545410190,0.991126205825755E-1,0.488391959668803,0.204316126941524,-0.397918689981532E-2,-0.235178344348876E-1,0.622284270131283,0.689633910143938,0.00000000000000,0.00000000000000,0.00000000000000,0.00000000000000
0.320000000000000,493.772336316734,73.0835123939031,10.3429901986536,-0.552550076298468,-0.228445863021569,0.221966329373082,66.4521013385420,91.3710066711669,-10113.1803409793,0.843149804984946,0.975801510695216E-1,0.486781202181769,0.206447527651866,-0.325789295444213E-2,-0.192548349796570E-1,0.509484874765485,0.687338957489507,0.00000000000000,0.00000000000000,0.00000000000000,0.00000000000000
0.330000000000000,493.923671261402,71.8614570314955,9.70881192506484,-0.569021553424021,-0.236666110855088,0.231209247703897,68.5333904081579,94.2171916136232,-10116.7146557818,0.843751131563585,0.960068189600530E-1,0.485108740935272,0.208653368452406,-0.266734555823359E-2,-0.157645752256778E-1,0.417132249799662,0.685051641941675,0.00000000000000,0.00000000000000,0.00000000000000,0.00000000000000
0.340000000000000,494.077034359716,70.5988294736243,9.04755817607166,-0.584660365356883,-0.244834227733441,0.240199703600283,70.6156005643087,97.0628528543444,-10120.2482758221,0.844361391516616,0.943953756401659E-1,0.483375328864683,0.210930426963100,-0.218384472004444E-2,-0.129069832231033E-1,0.341520077319310,0.682771938085802,0.00000000000000,0.00000000000000,0.00000000000000,0.00000000000000
0.350000000000000,494.231756350736,69.2974391106803,8.35848130881153,-0.599456907251379,-0.252947525433035,0.248924990392939,72.6988003354547,99.9080194555850,-10123.7811314195,0.844979469561846,0.927485968062381E-1,0.481581765321064,0.213275402050266,-0.178798646712439E-2,-0.105673773975288E-1,0.279613871303896,0.680499820591820,0.00000000000000,0.00000000000000,0.00000000000000,0.00000000000000
0.360000000000000,494.387154646075,67.9591427696118,7.64087128508952,-0.613405329540576,-0.261003031698855,0.257374260933404,74.7830591090340,102.752722412649,-10127.3131505892,0.845604272246092,0.910692706742759E-1,0.479728894432352,0.215684933513505,-0.146388412018364E-2,-0.865186412127004E-2,0.228929196898877,0.678235264213957,0.00000000000000,0.00000000000000,0.00000000000000,0.00000000000000
0.370000000000000,494.542536767209,66.5858363462352,6.89406311916771,-0.626502983907798,-0.268997492088459,0.265538282758746,76.8684470873374,105.596994564217,-10130.8442590219,0.846234731041291,0.893601879363497E-1,0.477817603978549,0.218155619042122,-0.119853072533169E-2,-0.708356955155449E-2,0.187431964474340,0.675978243790452,0.00000000000000,0.00000000000000,0.00000000000000,0.00000000000000
0.380000000000000,494.697203527614,65.1794472483306,6.11744349020004,-0.638749964654350,-0.276927378154097,0.273409236201191,78.9550352397402,108.440870514502,-10134.3743800617,0.846869805091295,0.876241331535972E-1,0.475848824628569,0.220684028904046,-0.981277055853230E-3,-0.579955451084272E-2,0.153456797047292,0.673728734243277,0.00000000000000,0.00000000000000,0.00000000000000,0.00000000000000
0.390000000000000,494.850451995449,63.7419274980972,5.31045657635495,-0.650148727862726,-0.284788900655527,0.280980547495667,81.0428952511747,111.284386564711,-10137.9034346825,0.847508483639818,0.858638773333932E-1,0.473823529416480,0.223266718744917,-0.803404234862234E-3,-0.474828859651063E-2,0.125640194969186,0.671486710577858,0.00000000000000,0.00000000000000,0.00000000000000,0.00000000000000
0.400000000000000,495.001578265427,62.2752473739890,4.47260915939832,-0.660703773967596,-0.292578026725298,0.288246750373915,83.1320994667856,114.127580651722,-10141.4313414652,0.848149788165285,0.840821714858985E-1,0.471742733359596,0.225900240805130,-0.657773827222873E-3,-0.388758215024980E-2,0.102865815627771,0.669252147882799,0.00000000000000,0.00000000000000,0.00000000000000,0.00000000000000
0.410000000000000,495.149880062625,60.7813894977066,3.60347504195042,-0.670421381979791,-0.300290500094338,0.295203370812393,85.2227208327706,116.970492292268,-10144.9580165752,0.848792774244474,0.822817409941211E-1,0.469607493141121,0.228581153805511,-0.538541358141607E-3,-0.318289309248119E-2,0.842196721149773E-1,0.667025021329601,0.00000000000000,0.00000000000000,0.00000000000000,0.00000000000000
0.420000000000000,495.294659196110,59.2623432931514,2.70269881450134,-0.679309385766097,-0.307921863636788,0.301846830568919,87.3148328334614,119.813162531176,-10148.4833737420,0.849436533163799,0.804652806634086E-1,0.467418906796711,0.231306031705602,-0.440921761289138E-3,-0.260594067125076E-2,0.689534528829358E-1,0.664805306172391,0.00000000000000,0.00000000000000,0.00000000000000,0.00000000000000
0.430000000000000,495.435223876227,57.7200997612985,1.76999900532891,-0.687376984555612,-0.315467483615993,0.308174365937657,89.4085094247454,122.655633892489,-10152.0073242412,0.850080193294596,0.786354503422333E-1,0.465178113358002,0.234071471500450,-0.360997343359460E-3,-0.213357049224204E-2,0.564544903236890E-1,0.662592977747645,0.00000000000000,0.00000000000000,0.00000000000000,0.00000000000000
0.440000000000000,495.570890906169,56.1566465288558,0.805170643503104,-0.694634581292152,-0.322922575113966,0.314183958804862,91.5038249639774,125.497950332476,-10155.5297768786,0.850722921246844,0.767948710272669E-1,0.462886292417448,0.236874100190733,-0.295560558253169E-3,-0.174682528101497E-2,0.462211730443483E-1,0.660388011473913,0.00000000000000,0.00000000000000,0.00000000000000,0.00000000000000
0.450000000000000,495.700987755754,54.5739631398175,-0.191912736996765,-0.701093643639106,-0.330282228208896,0.319874277624072,93.6008541365637,128.340157193714,-10159.0506379781,0.851363922814257,0.749461213829412E-1,0.460544663588091,0.239710581035769,-0.241985281060478E-3,-0.143018408507632E-2,0.378428150771761E-1,0.658190382851547,0.00000000000000,0.00000000000000,0.00000000000000,0.00000000000000
0.460000000000000,495.824854523256,52.9740165680353,-1.22129762553631,-0.706766583415457,-0.337541434533092,0.325244626370139,95.6996718794419,131.182301159577,-10162.5698113734,0.852002443722494,0.730917346196502E-1,0.458154485839550,0.242577619178451,-0.198121415780249E-3,-0.117093938325482E-2,0.309831741308533E-1,0.656000067462429,0.00000000000000,0.00000000000000,0.00000000000000,0.00000000000000
0.470000000000000,495.941845789436,51.3587569360960,-2.28294956993126,-0.711666651038004,-0.344695113899994,0.330294899893668,97.8003533017065,134.024430208551,-10166.0871984032,0.852637770191374,0.712341956860537E-1,0.455717056697867,0.245471966714483,-0.162208607146482E-3,-0.958687104383496E-3,0.253669574334006E-1,0.653817040969698,0.00000000000000,0.00000000000000,0.00000000000000,0.00000000000000
0.480000000000000,496.051332366610,49.7301134314171,-3.37675269347736,-0.715807842196697,-0.351738140735950,0.335025544395178,99.9029736026603,136.866593567936,-10169.6026979106,0.853269229321289,0.693759387400611E-1,0.453233711301977,0.248390427264872,-0.132805593624396E-3,-0.784909088595581E-3,0.207687736159729E-1,0.651641279117482,0.00000000000000,0.00000000000000,0.00000000000000,0.00000000000000
0.490000000000000,496.152702944601,48.0899904148182,-4.50250966926997,-0.719204814523411,-0.358665370092124,0.339437521982939,102.007607987593,139.708841666546,-10173.1162062476,0.853896189313561,0.675193448704012E-1,0.450705821313931,0.251329860099800,-0.108732366353414E-3,-0.642631234469489E-3,0.170040872518509E-1,0.649472757730627,0.00000000000000,0.00000000000000,0.00000000000000,0.00000000000000
0.500000000000000,496.245365634656,46.4402637200953,-5.65994212724816,-0.721872812450624,-0.365471663045728,0.343532278479610,104.114331581609,142.551226086104,-10176.6276172835,0.854518059534096,0.656667400465372E-1,0.448134793683441,0.254287183853303,-0.890228127457520E-4,-0.526143612701320E-3,0.139218130359987E-1,0.647311452714429,0.00000000000000,0.00000000000000,0.00000000000000,0.00000000000000
0.510000000000000,496.328749411896,44.7827771455158,-6.84869146931928,-0.723827598812706,-0.372151911328889,0.347311713807990,106.223219341846,145.393799511101,-10180.1368224186,0.855134290429455,0.638203932793347E-1,0.445522069270175,0.257259379861269,-0.728859442220387E-4,-0.430771313838994E-3,0.113982523930067E-1,0.645157340054365,0.00000000000000,0.00000000000000,0.00000000000000,0.00000000000000
0.520000000000000,496.402305456481,43.1193391397967,-8.06832006774878,-0.725085392033204,-0.378701061048784,0.350778154421893,108.334345968430,148.236615676920,-10183.6437106028,0.855744373304290,0.619825149785456E-1,0.442869121329565,0.260243495149755,-0.596741520660572E-4,-0.352686833683779E-3,0.933212917590098E-2,0.643010395815828,0.00000000000000,0.00000000000000,0.00000000000000,0.00000000000000
0.530000000000000,496.465508393479,41.4517196861682,-9.31831282178871,-0.725662807978208,-0.385114135384924,0.353934327359469,110.447785814532,151.079729316084,-10187.1481683590,0.856347839968933,0.601552554960189E-1,0.440177453869695,0.263236645096280,-0.488572174348832E-4,-0.288756466964699E-3,0.764052522728266E-2,0.640870596143860,0.00000000000000,0.00000000000000,0.00000000000000,0.00000000000000
0.540000000000000,496.517857431310,39.7816473886636,-10.5980790473046,-0.725576805748353,-0.391386256169213,0.356783335587497,112.563612795895,153.923196102539,-10190.6500798118,0.856944262265850,0.583407038457345E-1,0.437448599888278,0.266236015783380,-0.400010324878534E-4,-0.236414544719565E-3,0.625555268775056E-2,0.638737917262886,0.00000000000000,0.00000000000000,0.00000000000000,0.00000000000000
0.550000000000000,496.558877398657,38.1108067649011,-11.9069546739799,-0.724844636837971,-0.397512664272054,0.359328634379782,114.681900300201,156.767072593902,-10194.1493267213,0.857533251483584,0.565408865934036E-1,0.434684119499878,0.269238866061051,-0.327501786655551E-4,-0.193560468246732E-3,0.512162950388431E-2,0.636612335476454,0.00000000000000,0.00000000000000,0.00000000000000,0.00000000000000
0.560000000000000,496.588119679767,36.4408357494237,-13.2442047245524,-0.723483797216020,-0.403488738733692,0.361574008533627,116.802721096643,159.611416171644,-10197.6457885224,0.858114457666699,0.547577669095932E-1,0.431885597964294,0.272242529332737,-0.268136629461122E-4,-0.158474407369207E-3,0.419324879581355E-2,0.634493827166965,0.00000000000000,0.00000000000000,0.00000000000000,0.00000000000000
0.570000000000000,496.605163048246,34.7733234111976,-14.6090260504923,-0.721511981984784,-0.409310014594341,0.363523550277876,118.926147246090,162.456284979220,-10201.1393423684,0.858687568830190,0.529932437811871E-1,0.429054643627628,0.275244415077973,-0.219532396427469E-4,-0.129748279793416E-3,0.343315256409241E-2,0.632382368795417,0.00000000000000,0.00000000000000,0.00000000000000,0.00000000000000
0.580000000000000,496.609614399611,33.1098078881991,-16.0005502985784,-0.718947042353603,-0.414972199389762,0.365181637766056,121.052250012193,165.301737858160,-10204.6298631804,0.859252310086685,0.512491513765811E-1,0.426192885787891,0.278242010123679,-0.179738490701717E-4,-0.106229241609529E-3,0.281083644264126E-2,0.630277936901139,0.00000000000000,0.00000000000000,0.00000000000000,0.00000000000000
0.590000000000000,496.601109383054,31.4517745411988,-17.4178470829742,-0.715806944729442,-0.420471188290854,0.366552914080420,123.181099773799,168.147834282178,-10208.1172237019,0.859808442694659,0.495272585603580E-1,0.423301972497190,0.281232879675313,-0.147157893620519E-4,-0.869734210804419E-4,0.230132549013849E-2,0.628180508101533,0.00000000000000,0.00000000000000,0.00000000000000,0.00000000000000
0.600000000000000,496.579312933182,29.8006543279177,-18.8599273376689,-0.712109731777034,-0.425803077876681,0.367642266698449,125.312765939019,170.994634289379,-10211.6012945577,0.860355763035730,0.478292685533758E-1,0.420383568312517,0.284214668118469,-0.120483072770239E-4,-0.712080389525938E-4,0.188417188962605E-2,0.626090059091814,0.00000000000000,0.00000000000000,0.00000000000000,0.00000000000000
0.610000000000000,496.543919702671,28.1578223977226,-20.3257468245110,-0.707873485341122,-0.430964178540230,0.368454807393764,127.447316861294,173.842198412653,-10215.0819443182,0.860894101528941,0.461568187342433E-1,0.417439352007063,0.287185099601171,-0.986435077794206E-5,-0.583003950917870E-4,0.154263433176650E-2,0.624006566644748,0.00000000000000,0.00000000000000,0.00000000000000,0.00000000000000
0.620000000000000,496.494654397129,26.5245969059812,-21.8142097725425,-0.703116291153898,-0.435951025535179,0.368995852559310,129.584819757776,176.690587608359,-10218.5590395683,0.861423321489738,0.445114805781054E-1,0.414471014253716,0.290141978406828,-0.807627279359376E-5,-0.477324768081491E-4,0.126300614856163E-2,0.621930007610398,0.00000000000000,0.00000000000000,0.00000000000000,0.00000000000000
0.630000000000000,496.431272013675,24.9022380461335,-23.3241726249306,-0.697856205273893,-0.440760388680040,0.369270903952878,131.725340630343,179.539863183448,-10222.0324449810,0.861943317941125,0.428947597285308E-1,0.411480255292066,0.293083189127681,-0.661231374520833E-5,-0.390801698453919E-4,0.103406523403236E-2,0.619860358915864,0.00000000000000,0.00000000000000,0.00000000000000,0.00000000000000
0.640000000000000,496.353557985048,23.2919472964869,-24.8544478704765,-0.692111222219611,-0.445389280743334,0.369285629874175,133.868944189526,182.390086721146,-10225.5020233953,0.862454016384248,0.413080961981160E-1,0.408468782589822,0.296006696648497,-0.541372167366024E-5,-0.319962377247505E-4,0.846623675943425E-3,0.617797597565028,0.00000000000000,0.00000000000000,0.00000000000000,0.00000000000000
0.650000000000000,496.261328231328,21.6948668777156,-26.4038079374724,-0.685899244773387,-0.449834964539940,0.369045846789237,136.015693781642,185.241320005363,-10228.9676358987,0.862955371535385,0.397528646932083E-1,0.405438308509025,0.298910545950205,-0.443239439161476E-5,-0.261963863665107E-4,0.693159024284080E-3,0.615741700638299,0.00000000000000,0.00000000000000,0.00000000000000,0.00000000000000
0.660000000000000,496.154429121614,20.1120794160694,-27.9709891285427,-0.679238055439081,-0.454094958774515,0.368557501422498,138.165651319375,188.093624943989,-10232.4291419138,0.863447366036034,0.382303750579216E-1,0.402390547986923,0.301792861743200,-0.362894903489472E-5,-0.214478547311412E-4,0.567512398482186E-3,0.613692645292357,0.00000000000000,0.00000000000000,0.00000000000000,0.00000000000000
0.670000000000000,496.032737348251,18.5446078063766,-29.5546955760624,-0.672145289542267,-0.458167042672866,0.367826653339578,140.318877216045,190.947063491259,-10235.8863992882,0.863930009142473,0.367418728323889E-1,0.399327216240763,0.304651847940002,-0.297114153983614E-5,-0.175600735968764E-4,0.464641317717315E-3,0.611650408759898,0.00000000000000,0.00000000000000,0.00000000000000,0.00000000000000
0.680000000000000,495.896159716436,16.9934152680736,-31.1536031987584,-0.664638409964091,-0.462049259446491,0.366859458045281,142.475430323775,193.801697569360,-10239.3392643893,0.864403335400882,0.352885399199651E-1,0.396250026505107,0.307485786976974,-0.243257261671518E-5,-0.143770175895492E-4,0.380417334859090E-3,0.609614968349384,0.00000000000000,0.00000000000000,0.00000000000000,0.00000000000000
0.690000000000000,495.744632852278,15.4594055867235,-32.7663636411840,-0.656734683500512,-0.465739918639139,0.365662150621492,144.635367875760,196.657588989478,-10242.7875922016,0.864867403313724,0.338714953578838E-1,0.393160687809680,0.310293038994780,-0.199162828705860E-5,-0.117709435344836E-4,0.311460352626965E-3,0.607586301444791,0.00000000000000,0.00000000000000,0.00000000000000,0.00000000000000
0.700000000000000,495.578122832552,13.9434235327910,-34.3916081788754,-0.648451158837718,-0.469237597407254,0.364241029929021,146.798745432789,199.514799372477,-10246.2312364276,0.865322294002795,0.324917961856768E-1,0.390060902805020,0.313072040887239,-0.163061246622445E-5,-0.963726383646622E-5,0.255002972707451E-3,0.605564385505354,0.00000000000000,0.00000000000000,0.00000000000000,0.00000000000000
0.710000000000000,495.396624739628,12.4462554488411,-36.0279515731661,-0.639804646132423,-0.472541140788553,0.362602443396083,148.965616834180,202.373390069405,-10249.6700495922,0.865768109873961,0.311504384054937E-1,0.386952365642591,0.315821305228157,-0.133503677984683E-5,-0.789034914504278E-5,0.208779433854680E-3,0.603549198065319,0.00000000000000,0.00000000000000,0.00000000000000,0.00000000000000
0.720000000000000,495.200162145163,10.9686299958115,-37.6739958608235,-0.630811698182881,-0.475649661014869,0.360752772414136,151.136034153251,205.233422082033,-10253.1038831490,0.866204973288262,0.298483580283202E-1,0.383836759915295,0.318539419085649,-0.109303911288659E-5,-0.646009185668469E-5,0.170934681811288E-3,0.601540716733694,0.00000000000000,0.00000000000000,0.00000000000000,0.00000000000000
0.730000000000000,494.988786526347,9.51121904858407,-39.3283340648759,-0.621488593173028,-0.478562535926627,0.358698418359474,153.310047657422,208.094955983625,-10256.5325875901,0.866633025243698,0.285864321999771E-1,0.380715756663679,0.321225042733337,-0.894907556357351E-6,-0.528909253946298E-5,0.139949921821629E-3,0.599538919193999,0.00000000000000,0.00000000000000,0.00000000000000,0.00000000000000
0.740000000000000,494.762576618589,8.07463873074518,-40.9895538142144,-0.611851318968367,-0.481279406547185,0.356445789256348,155.487705773024,210.958051840139,-10259.9560125575,0.867052424071662,0.273654804007018E-1,0.377591012452449,0.323876908267675,-0.732690646641642E-6,-0.433035636514299E-5,0.114581665992762E-3,0.597543783204019,0.00000000000000,0.00000000000000,0.00000000000000,0.00000000000000
0.750000000000000,494.521637708641,6.65945057817425,-42.6562408607604,-0.601915558938258,-0.483800173875572,0.354001287094506,157.669055054881,213.822769132063,-10263.3740069568,0.867463344151612,0.261862657120647E-1,0.374464167521292,0.326493818140473,-0.599878255427067E-6,-0.354540710135474E-5,0.938118293371404E-4,0.595555286595555,0.00000000000000,0.00000000000000,0.00000000000000,0.00000000000000
0.760000000000000,494.266100872251,5.26616282093477,-44.3269824841954,-0.591696679275318,-0.486124994956111,0.351371295811142,159.854140160684,216.689166677078,-10266.7864190727,0.867865974647250,0.250494961449499E-1,0.371336844013351,0.329074643615497,-0.491140323659987E-6,-0.290274297411583E-5,0.768068717392948E-4,0.593573407274181,0.00000000000000,0.00000000000000,0.00000000000000,0.00000000000000
0.770000000000000,493.996122160490,3.89523177285731,-46.0003707754225,-0.581209717778665,-0.488254278282924,0.348562169944190,162.043003830178,219.557302553744,-10270.1930966858,0.868260518267120,0.239558260223438E-1,0.368210644284109,0.331618323157785,-0.402112954324554E-6,-0.237657243100777E-5,0.628843461220186E-4,0.591598123218994,0.00000000000000,0.00000000000000,0.00000000000000,0.00000000000000
0.780000000000000,493.711881738962,2.54706331819474,-47.6750057910928,-0.570469374064065,-0.490188678596534,0.345580223960966,164.235686869147,222.427234026396,-10273.5938871910,0.868647190052201,0.229058574107143E-1,0.365087149292889,0.334123860764070,-0.329223279470656E-6,-0.194577906834710E-5,0.514855103149674E-4,0.589629412482373,0.00000000000000,0.00000000000000,0.00000000000000,0.00000000000000
0.790000000000000,493.413582984098,1.22201448479152,-49.3494985726464,-0.559490001160441,-0.491929091128669,0.342431722263186,166.432228138161,225.299017471434,-10276.9886377163,0.869026216192774,0.219001415938317E-1,0.361967917078586,0.336590324242440,-0.269546073011942E-6,-0.159307418255805E-5,0.421529034785409E-4,0.587667253189736,0.00000000000000,0.00000000000000,0.00000000000000,0.00000000000000
0.800000000000000,493.101451540780,-0.796049066634008E-1,-51.0224740244048,-0.548285598449049,-0.493476645349968,0.339122869866603,168.632664546049,228.172708305183,-10280.3771952426,0.869397832876503,0.209391805829770E-1,0.358854481320780,0.339016843449034,-0.220686354843977E-6,-0.130430293573302E-5,0.345119871746641E-4,0.585711623539291,0.00000000000000,0.00000000000000,0.00000000000000,0.00000000000000
0.810000000000000,492.775734345500,-1.35753052754356,-52.6925736462952,-0.536869805898628,-0.494832698273717,0.335659803750779,170.837031048015,231.048360913486,-10283.7594067242,0.869762285169406,0.200234286576047E-1,0.355748349986871,0.341402608489310,-0.180683274922592E-6,-0.106787629024915E-5,0.282561142994700E-4,0.583762501801799,0.00000000000000,0.00000000000000,0.00000000000000,0.00000000000000
0.820000000000001,492.436698619241,-2.61154177035375,-54.3584581177794,-0.525255899547309,-0.495998827366895,0.332048584871983,173.045360648316,233.926028583206,-10287.1351192089,0.870119825931090,0.191532939306645E-1,0.352651004065427,0.343746867891041,-0.147931419954957E-6,-0.874305914703322E-6,0.231342226474527E-4,0.581819866320334,0.00000000000000,0.00000000000000,0.00000000000000,0.00000000000000
0.830000000000001,492.084630834222,-3.84145993167336,-56.0188097305060,-0.513456788179821,-0.496976823117860,0.328295190829820,175.257684407399,236.805763435764,-10290.5041799581,0.870470714765383,0.183291399329539E-1,0.349563896385547,0.346048926755909,-0.121116384564455E-6,-0.715823395898099E-6,0.189407592222245E-4,0.579883695510036,0.00000000000000,0.00000000000000,0.00000000000000,0.00000000000000
0.840000000000001,491.719835658571,-5.04714635835510,-57.6723346680980,-0.501485011146654,-0.497768681307878,0.324405509176025,177.474031453379,239.687616362884,-10293.8664365669,0.870815217007227,0.175512872110482E-1,0.346488450521629,0.348308144896171,-0.991620212557383E-7,-0.586068475001637E-6,0.155074309338759E-4,0.577953967857876,0.00000000000000,0.00000000000000,0.00000000000000,0.00000000000000
0.850000000000001,491.342634882951,-6.22850056599248,-59.3177651323221,-0.489352737270390,-0.498376595031509,0.320385331351845,179.694428997719,242.571636964653,-10297.2217370832,0.871153602746494,0.168200149335557E-1,0.343426059782605,0.350523934962555,-0.811872522027815E-7,-0.479833796099674E-6,0.126964506199287E-4,0.576030661922416,0.00000000000000,0.00000000000000,0.00000000000000,0.00000000000000
0.860000000000001,490.953366333021,-7.38545833827027,-60.9538613156675,-0.477071764783205,-0.498802946508549,0.316240347238654,181.918902354980,245.457873490036,-10300.5699301260,0.871486145889135,0.161355625006496E-1,0.340378086284398,0.352695760569163,-0.664707096201573E-7,-0.392855923326673E-6,0.103950073375563E-4,0.574113756333570,0.00000000000000,0.00000000000000,0.00000000000000,0.00000000000000
0.870000000000001,490.552382771556,-8.51798981538904,-62.5794132210866,-0.464653522238783,-0.499050298727894,0.311976140304831,184.147474966460,248.346372779949,-10303.9108650029,0.871813123255925,0.154981311520569E-1,0.337345860104040,0.354823134420811,-0.544217856563434E-7,-0.321644239624991E-6,0.851073900750190E-5,0.572203229792368,0.00000000000000,0.00000000000000,0.00000000000000,0.00000000000000
0.880000000000001,490.140050793920,-9.62609757931102,-64.1932423303125,-0.452109070341406,-0.499121386961340,0.307598183330536,186.380168427578,251.237180212991,-10307.2443918256,0.872134813718842,0.149078855689076E-1,0.334330678513695,0.356905616447875,-0.445569299763703E-7,-0.263340860455635E-6,0.696802571674205E-5,0.570299061070717,0.00000000000000,0.00000000000000,0.00000000000000,0.00000000000000
0.890000000000001,489.716749720444,-10.7098147431162,-65.7942031227804,-0.439449104634786,-0.499019110182923,0.303111834690823,188.617002518810,254.130339653930,-10310.5703616247,0.872451497374994,0.143649554650927E-1,0.331333805292554,0.358942811953342,-0.364802438026535E-7,-0.215605940483710E-6,0.570495492182061E-5,0.568401229011167,0.00000000000000,0.00000000000000,0.00000000000000,0.00000000000000
0.900000000000001,489.282870489167,-11.7692030512889,-67.3811844477291,-0.426683958993386,-0.498746522427064,0.298522335176486,190.857995239993,257.025893405023,-10313.8886264618,0.872763454757827,0.138694371640197E-1,0.328356470114436,0.360934369776451,-0.298675916093592E-7,-0.176523770338696E-6,0.467083675965859E-5,0.566509712526677,0.00000000000000,0.00000000000000,0.00000000000000,0.00000000000000
0.910000000000001,488.838814552214,-12.8043509972810,-68.9531107525565,-0.413823609859316,-0.498306824116424,0.293834805331214,193.103162847803,259.923882160230,-10317.1990395407,0.873070966085244,0.134213951569033E-1,0.325399868008716,0.362879980476921,-0.244535928369694E-7,-0.144525894901969E-6,0.382416974969115E-5,0.564624490600376,0.00000000000000,0.00000000000000,0.00000000000000,0.00000000000000
0.920000000000001,488.384992778970,-13.8153719642206,-70.5089431709446,-0.400877681168591,-0.497703353388091,0.289054243282952,195.352519896214,262.824344962384,-10320.5014553151,0.873374310544151,0.130208636389811E-1,0.322465158892105,0.364779374543454,-0.200209715753880E-7,-0.118328167686072E-6,0.313097524639713E-5,0.562745542285335,0.00000000000000,0.00000000000000,0.00000000000000,0.00000000000000
0.930000000000001,487.921824369023,-14.8024023941617,-72.0476804746602,-0.387855449911348,-0.496939577444466,0.284185523046846,197.606079279728,265.727319163370,-10323.7957295953,0.873673765610804,0.126678480202929E-1,0.319553467168689,0.366632320629869,-0.163918367944894E-7,-0.968792151568431E-7,0.256343380006688E-5,0.560872846704331,0.00000000000000,0.00000000000000,0.00000000000000,0.00000000000000
0.940000000000001,487.449735777727,-15.7655999907992,-73.5683598932750,-0.374765852271752,-0.496019083953031,0.279233393276828,199.863852279161,268.632840387331,-10327.0817196513,0.873969606406312,0.123623264079142E-1,0.316665881395523,0.368438623821902,-0.134205431782083E-7,-0.793182427560793E-7,0.209876869990809E-5,0.559006383049617,0.00000000000000,0.00000000000000,0.00000000000000,0.00000000000000
0.950000000000001,486.969159657031,-16.7051419601135,-75.0700578063415,-0.361617490294516,-0.494945572517087,0.274202476442636,202.125848609800,271.540942496945,-10330.3592843139,0.874262105086521,0.121042510567836E-1,0.313803454011055,0.370198123937400,-0.109878460514384E-7,-0.649404892858273E-7,0.171833189357142E-5,0.557146130582687,0.00000000000000,0.00000000000000,0.00000000000000,0.00000000000000
0.960000000000001,486.480533814090,-17.6212232929563,-76.5518903128022,-0.348418639026414,-0.493722846237516,0.269097268409008,204.392076471687,274.451657562770,-10333.6282840724,0.874551530265464,0.118935497865073E-1,0.310967201123575,0.371910693862359,-0.899611582384765E-8,-0.531689432612830E-7,0.140685559899670E-5,0.555292068634051,0.00000000000000,0.00000000000000,0.00000000000000,0.00000000000000
0.970000000000001,485.984300189978,-18.5140550931513,-78.0130136826162,-0.335177254082674,-0.492354803383663,0.263922138393822,206.662542601846,277.365015835675,-10336.8885811697,0.874838146471523,0.117301273617678E-1,0.308158102356875,0.373576237924946,-0.736541989551153E-8,-0.435311861461211E-7,0.115183957408523E-5,0.553444176603002,0.00000000000000,0.00000000000000,0.00000000000000,0.00000000000000
0.980000000000001,485.480903860668,-19.3838629542605,-79.4526246957382,-0.321900979589823,-0.490845429189624,0.258681329282063,208.937252328219,280.281045722340,-10340.1400396944,0.875122213635400,0.116138668341987E-1,0.305377100750298,0.375194690309415,-0.603031478245181E-8,-0.356404331373676E-7,0.943049453956051E-6,0.551602433957387,0.00000000000000,0.00000000000000,0.00000000000000,0.00000000000000
0.990000000000001,484.970792062273,-20.2308853877573,-80.8699608737142,-0.308597156458295,-0.489198787790404,0.253378958272778,211.216209625127,283.199773763814,-10343.3825256690,0.875403986608953,0.115446308438193E-1,0.302625102710361,0.376766013511538,-0.493721972288604E-8,-0.291800106240007E-7,0.772106022935617E-6,0.549766820233380,0.00000000000000,0.00000000000000,0.00000000000000,0.00000000000000
1.00000000000000,484.454413242363,-21.0553723049593,-82.2643006092361,-0.295272830939953,-0.487419014310805,0.248019017836464,213.499417170015,286.121224617112,-10346.6159071352,0.875683714713971,0.115222628783451E-1,0.299902978011156,0.378290196836956,-0.404226636111757E-8,-0.238906473648902E-7,0.632148937844821E-6,0.547937315035253,0.00000000000000,0.00000000000000,0.00000000000000,0.00000000000000
